pl_name,hostname,pl_letter,sy_pnum,discoverymethod,disc_year,disc_facility,pl_orbper,pl_orbsmax,pl_rade,pl_radj,pl_bmasse,pl_bmassj,pl_orbeccen,pl_orbincl,pl_imppar,pl_trandep,pl_trandur,st_teff,st_rad,st_mass,default_flag,tran_flag
"Kepler-78 b","Kepler-78","b",1,"Transit",2013,"Kepler",0.35500745000,0.0090100000,1.20100000,0.10714623,1.68000000,0.00528587,0.000000,75.20000,,,,5058.00,0.747500,0.779000,1,1
"Kepler-757 b","Kepler-757","b",1,"Transit",2016,"Kepler",1.02267882100,,1.36000000,0.12133107,,,,,,,1.3395000,6014.00,1.130000,1.080000,1,1
"Kepler-42 b","Kepler-42","b",3,"Transit",2011,"Kepler",1.21376720000,0.0116000000,0.78000000,0.07000000,,,,,0.711000,,,3068.00,0.170000,0.130000,1,1
"Kepler-756 b","Kepler-756","b",1,"Transit",2016,"Kepler",1.22486632200,,1.12000000,0.09991971,,,,,,,1.7027000,5282.00,0.790000,0.820000,1,1
"Kepler-755 b","Kepler-755","b",2,"Transit",2016,"Kepler",1.26909037400,,1.76000000,0.15701668,,,,,,,1.5736000,5043.00,0.770000,0.820000,1,1
"Kepler-166 d","Kepler-166","d",3,"Transit",2016,"Kepler",1.55400392800,,1.73000000,0.15434026,,,,,,,1.7696000,5350.00,0.830000,0.880000,1,1
"Kepler-9 d","Kepler-9","d",3,"Transit",2010,"Kepler",1.59285100000,0.0273000000,1.64000000,0.14600000,,,,,,,1.9700000,5777.00,1.020000,1.070000,1,1
"Kepler-412 b","Kepler-412","b",1,"Transit",2014,"Kepler",1.72086040000,0.0289700000,15.03126900,1.34100000,299.07803000,0.94100000,,80.55900,0.794200,,,5750.00,1.287000,1.167000,1,1
"Kepler-21 b","Kepler-21","b",1,"Transit",2012,"Kepler",2.78582120000,0.0434000000,1.63900000,0.14622204,7.50000000,0.02359764,0.000000,83.20000,,,,6305.00,1.902000,1.408000,1,1
"Kepler-743 b","Kepler-743","b",1,"Transit",2016,"Kepler",3.17926292100,,1.21000000,0.10794897,,,,,,,1.0248000,5486.00,0.850000,0.940000,1,1
"Kepler-6 b","Kepler-6","b",1,"Transit",2009,"Kepler",3.23469960000,0.0485200000,14.61653600,1.30400000,212.31044000,0.66800000,,88.93000,0.141000,,,5647.00,1.391000,1.209000,1,1
"Kepler-746 b","Kepler-746","b",1,"Transit",2016,"Kepler",3.48159251000,,1.11000000,0.09902757,,,,,,,1.8389000,5418.00,0.930000,0.910000,1,1
"Kepler-8 b","Kepler-8","b",1,"Transit",2010,"Kepler",3.52249910000,0.0474000000,15.87194400,1.41600000,187.51970000,0.59000000,,83.97800,0.719100,,,6213.00,1.486000,1.213000,1,1
"Kepler-773 b","Kepler-773","b",1,"Transit",2016,"Kepler",3.74910006100,,1.43000000,0.12757605,,,,,,,1.8438000,5850.00,1.010000,1.040000,1,1
"Kepler-762 b","Kepler-762","b",1,"Transit",2016,"Kepler",3.77055209800,,12.68000000,1.13123383,,,,,,,3.8277000,5944.00,1.080000,1.060000,1,1
"Kepler-491 b","Kepler-491","b",1,"Transit",2016,"Kepler",4.22538451200,,8.92000000,0.79578910,,,,,,,2.8182900,5582.00,1.030000,1.040000,1,1
"Kepler-502 b","Kepler-502","b",1,"Transit",2016,"Kepler",4.28686431000,,4.77000000,0.42555090,,,,,,,4.4231000,6125.00,1.220000,1.150000,1,1
"KOI-984 b","KOI-984","b",2,"Transit",2022,"Kepler",4.28817850000,0.0504000000,4.30000000,0.38362097,,,0.120000,,0.830000,0.22900000,1.5800000,5295.00,0.818000,0.928000,1,1
"Kepler-471 b","Kepler-471","b",1,"Transit",2016,"Kepler",5.01423457500,,14.96000000,1.33464181,,,,,,,4.6115300,6733.00,1.800000,1.490000,1,1
"Kepler-474 b","Kepler-474","b",1,"Transit",2016,"Kepler",5.66067293500,,3.06000000,0.27299491,,,,,,,4.6722000,5785.00,1.080000,0.990000,1,1
"Kepler-753 b","Kepler-753","b",1,"Transit",2016,"Kepler",5.74772501200,,1.91000000,0.17039879,,,,,,,1.8222000,4346.00,0.650000,0.680000,1,1
"Kepler-766 b","Kepler-766","b",1,"Transit",2016,"Kepler",6.10027804000,,3.39000000,0.30243554,,,,,,,4.7487000,5992.00,1.150000,1.100000,1,1
"Kepler-763 d","Kepler-763","d",3,"Transit",2023,"Kepler",6.50327035000,0.0634000000,1.67000000,0.14898768,,,0.000000,89.76000,0.080000,0.04183000,2.5910000,4999.00,0.843000,0.800000,1,1
"Kepler-1734 b","Kepler-1734","b",1,"Transit",2021,"Kepler",6.79685020400,,3.08851092,0.27553896,,,,,,,,6061.00,0.970000,1.050000,1,1
"Kepler-783 c","Kepler-783","c",2,"Transit",2020,"Kepler",7.05395000000,,2.33153725,0.20800582,,,,,,,,5411.49,0.872088,0.940000,1,1
"Kepler-764 b","Kepler-764","b",1,"Transit",2016,"Kepler",7.33683936000,,1.64000000,0.14631100,,,,,,,3.5120000,5557.00,0.890000,0.920000,1,1
"Kepler-1739 b","Kepler-1739","b",1,"Transit",2021,"Kepler",7.34370994600,,2.43056832,0.21684115,,,,,,,,5757.00,0.762000,0.865000,1,1
"Kepler-748 b","Kepler-748","b",1,"Transit",2016,"Kepler",7.40742793000,,2.52000000,0.22481934,,,,,,,3.5804000,5934.00,1.100000,1.070000,1,1
"Kepler-769 b","Kepler-769","b",2,"Transit",2016,"Kepler",7.42608998000,,2.92000000,0.26050495,,,,,,,3.7017000,6186.00,1.280000,1.190000,1,1
"Kepler-1738 b","Kepler-1738","b",1,"Transit",2021,"Kepler",7.67463016500,,2.82472883,0.25200586,,,,,,,,6063.00,1.001000,1.079000,1,1
"Kepler-1735 b","Kepler-1735","b",1,"Transit",2021,"Kepler",7.71792984000,,1.19429134,0.10654772,,,,,,,,3975.00,0.509000,0.535000,1,1
"Kepler-52 b","Kepler-52","b",3,"Transit",2012,"Kepler",7.87735650000,,2.10000000,0.18700000,135.00000000,0.42475750,,,,,2.4223000,4075.00,0.520000,0.540000,1,1
"Kepler-445 d","Kepler-445","d",3,"Transit",2015,"Kepler",8.15275000000,,1.25000000,0.11000000,,,0.000000,89.61000,0.011000,,1.3860000,3157.00,0.210000,0.180000,1,1
"Kepler-760 b","Kepler-760","b",2,"Transit",2016,"Kepler",8.70419416000,,3.06000000,0.27299491,,,,,,,2.9741000,5322.00,0.850000,0.890000,1,1
"Kepler-771 b","Kepler-771","b",1,"Transit",2016,"Kepler",8.73485836000,,1.82000000,0.16236952,,,,,,,4.4440000,5906.00,1.050000,1.030000,1,1
"Kepler-32 c","Kepler-32","c",5,"Transit",2011,"Kepler",8.75220000000,0.0900000000,2.00000000,0.17800000,158.90000000,0.50000000,,,,0.14530000,2.3280000,3900.00,0.530000,0.580000,1,1
"Kepler-1733 b","Kepler-1733","b",1,"Transit",2021,"Kepler",9.22957992600,,3.63582354,0.32436701,,,,,,,,6320.00,1.252000,1.273000,1,1
"Kepler-750 b","Kepler-750","b",2,"Transit",2016,"Kepler",9.42887179000,,3.07000000,0.27388706,,,,,,,4.4123000,6160.00,1.230000,1.150000,1,1
"Kepler-745 b","Kepler-745","b",1,"Transit",2016,"Kepler",9.93143556000,,2.16000000,0.19270229,,,,,,,5.6590000,5849.00,1.040000,1.040000,1,1
"Kepler-761 b","Kepler-761","b",1,"Transit",2016,"Kepler",10.12804789000,,2.03000000,0.18110447,,,,,,,3.3632000,5706.00,0.930000,0.950000,1,1
"Kepler-20 c","Kepler-20","c",6,"Transit",2011,"Kepler",10.85407740000,0.0936000000,2.89400000,0.25818583,11.10000000,0.03492451,0.076000,89.81500,,,,5495.00,0.916400,0.929000,1,1
"Kepler-774 b","Kepler-774","b",1,"Transit",2016,"Kepler",11.08957230000,,3.17000000,0.28280846,,,,,,,6.3412000,6403.00,2.420000,1.570000,1,1
"Kepler-477 b","Kepler-477","b",1,"Transit",2016,"Kepler",11.11990653000,,2.07000000,0.18467303,,,,,,,3.3296000,5240.00,0.790000,0.870000,1,1
"Kepler-768 b","Kepler-768","b",1,"Transit",2016,"Kepler",11.39100250000,,1.79000000,0.15969310,,,,,,,2.2970000,5108.00,0.780000,0.820000,1,1
"Kepler-744 b","Kepler-744","b",1,"Transit",2016,"Kepler",12.06222443000,,1.62000000,0.14452672,,,,,,,2.1007000,5594.00,0.930000,0.940000,1,1
"Kepler-758 b","Kepler-758","b",4,"Transit",2016,"Kepler",12.10971040000,,2.48000000,0.22125078,,,,,,,5.8000000,6228.00,1.420000,1.160000,1,1
"Kepler-24 c","Kepler-24","c",4,"Transit",2011,"Kepler",12.33000000000,,2.51400000,0.22428444,9.99000000,0.03143206,0.014000,,,,,6028.00,1.099000,1.060000,1,1
"Kepler-772 b","Kepler-772","b",1,"Transit",2016,"Kepler",12.99207337000,,1.82000000,0.16236952,,,,,,,5.9838000,5714.00,1.110000,0.980000,1,1
"Kepler-781 b","Kepler-781","b",1,"Transit",2016,"Kepler",13.21407320000,,2.89000000,0.25782853,,,,,,,3.4241000,5162.00,0.780000,0.810000,1,1
"Kepler-29 c","Kepler-29","c",2,"Transit",2011,"Kepler",13.28613000000,,2.34000000,0.20876082,4.50000000,0.01415851,0.000000,,,,,5378.00,0.732000,0.761000,1,1
"Kepler-36 b","Kepler-36","b",2,"Transit",2012,"Kepler",13.86825000000,,1.49800000,0.13364261,3.83000000,0.01205047,0.000000,,,,,5979.00,1.634000,1.034000,1,1
"Kepler-754 b","Kepler-754","b",1,"Transit",2016,"Kepler",14.55962370000,,2.01000000,0.17932019,,,,,,,5.7600000,5935.00,1.080000,1.060000,1,1
"Kepler-80 g","Kepler-80","g",6,"Transit",2017,"Kepler",14.64558000000,,1.13000000,0.10081185,,,,89.35000,0.520000,,2.1200000,4540.00,0.678000,0.830000,1,1
"Kepler-749 b","Kepler-749","b",1,"Transit",2016,"Kepler",17.31716585000,,3.10000000,0.27656348,,,,,,,3.1599000,5009.00,0.750000,0.790000,1,1
"Kepler-751 b","Kepler-751","b",1,"Transit",2016,"Kepler",17.44490636000,,2.46000000,0.21946650,,,,,,,4.0988000,5387.00,0.840000,0.870000,1,1
"Kepler-1713 b","Kepler-1713","b",1,"Transit",2021,"Kepler",18.01160049000,,1.71673535,0.15315713,,,,,,,,6477.00,1.459000,1.300000,1,1
"Kepler-752 b","Kepler-752","b",1,"Transit",2016,"Kepler",18.82747265000,,2.81000000,0.25069141,,,,,,,4.7320000,5373.00,0.830000,0.870000,1,1
"Kepler-770 b","Kepler-770","b",3,"Transit",2016,"Kepler",18.92540274000,,2.30000000,0.20519226,,,,,,,3.7409000,5598.00,0.920000,0.940000,1,1
"Kepler-505 b","Kepler-505","b",1,"Transit",2016,"Kepler",27.52197994000,,2.60000000,0.23195646,,,,,,,4.0704000,3931.00,0.530000,0.550000,1,1
"Kepler-765 b","Kepler-765","b",1,"Transit",2016,"Kepler",27.66552260000,,2.43000000,0.21679008,,,,,,,6.5080000,5901.00,1.060000,1.050000,1,1
"KIC 8540376 b","KOI-7892","b",3,"Transit",2015,"Kepler",31.80990000000,,4.10000000,0.36577750,,,,89.30000,,0.09000000,,6474.00,1.260000,1.040000,1,1
"Kepler-1732 b","Kepler-1732","b",1,"Transit",2021,"Kepler",32.31240082000,,4.09903273,0.36569184,,,,,,,,5821.00,1.494000,1.043000,1,1
"Kepler-747 b","Kepler-747","b",1,"Transit",2016,"Kepler",35.61760587000,,5.27000000,0.47015791,,,,,,,8.4208000,5096.00,0.780000,0.820000,1,1
"Kepler-1736 b","Kepler-1736","b",1,"Transit",2021,"Kepler",37.81029892000,,3.87658560,0.34584640,,,,,,,,6085.00,0.973000,0.976000,1,1
"Kepler-759 b","Kepler-759","b",1,"Transit",2016,"Kepler",41.80598500000,,2.27000000,0.20251584,,,,,,,6.1320000,5860.00,1.040000,1.040000,1,1
"Kepler-47 b","Kepler-47","b",3,"Transit",2012,"Kepler",49.46430000000,0.2877000000,3.05000000,0.27210277,2.07000000,0.00651292,0.021000,89.75200,,,,,0.936000,0.957000,1,1
"Kepler-1737 b","Kepler-1737","b",1,"Transit",2021,"Kepler",64.61750031000,,5.39500000,0.48131049,,,,,,,,5043.00,0.881000,0.834000,1,1
"Kepler-289 d","Kepler-289","d",4,"Transit",2014,"Kepler",66.02820000000,,3.03000000,0.27031896,5.33000000,0.01677006,,89.31000,,,,5990.00,1.000000,1.080000,1,1
"Kepler-413 b","Kepler-413","b",1,"Transit",2014,"Kepler",66.26200000000,0.3553000000,4.34700000,0.38800000,67.00000000,0.21100000,0.118100,89.92900,,,,4700.00,0.776100,0.820000,1,1
"KIC 8540376 c","KOI-7892","c",3,"Transit",2015,"Kepler",75.20000000000,,2.40000000,0.21411366,,,,89.70100,,0.03240000,,6474.00,1.260000,1.040000,1,1
"Kepler-418 b","Kepler-418","b",2,"Transit",2014,"Kepler",86.67856000000,,13.45000000,1.20000000,349.61124770,1.10000000,0.200000,89.95200,0.230000,,10.2240000,5820.00,1.090000,0.980000,1,1
"PH1 b","PH1","b",1,"Transit",2012,"Kepler",138.31700000000,0.6520000000,6.18000000,0.55100000,169.00000000,0.53100000,0.070200,90.05000,,,,6407.00,1.734000,1.528000,1,1
"Kepler-782 b","Kepler-782","b",1,"Transit",2016,"Kepler",158.68533080000,,3.21000000,0.28637702,,,,,,,11.6770000,5867.00,1.010000,0.980000,1,1
"Kepler-767 b","Kepler-767","b",1,"Transit",2016,"Kepler",161.52801010000,,6.64000000,0.59238112,,,,,,,3.6935000,5694.00,0.940000,0.960000,1,1
"Kepler-453 b","Kepler-453","b",1,"Transit",2015,"Kepler",240.50300000000,0.7903000000,6.20400000,0.55348381,16.00000000,0.05034138,0.035900,89.44290,,,,5527.00,0.833000,0.944000,1,1
"Kepler-47 c","Kepler-47","c",3,"Transit",2012,"Kepler",303.22700000000,0.9638000000,4.65000000,0.41484521,3.17000000,0.00997389,0.044000,90.19250,,,,,0.936000,0.957000,1,1
"Kepler-150 f","Kepler-150","f",5,"Transit",2017,"Kepler",637.20930000000,1.2400000000,3.64000000,0.32473905,,,,90.00000,0.000000,,13.4100000,5528.00,0.905339,0.970000,1,1
"KIC 10525077 b","KIC 10525077","b",1,"Transit",2015,"Kepler",854.08300000000,,5.50000000,0.49067713,,,,89.86100,,0.25000000,,6091.00,1.010000,1.010000,1,1
"Kepler-1647 b","Kepler-1647","b",1,"Transit",2016,"Kepler",1107.59230000000,2.7205000000,11.87390000,1.05931840,483.00000000,1.51968033,0.058100,90.09720,,,,6210.00,1.790300,1.220700,1,1
"KIC 3558849 b","KIC 3558849","b",1,"Transit",2015,"Kepler",1322.30000000000,,6.90000000,0.61557677,,,,89.97300,,0.39690000,,6175.00,1.010000,0.980000,1,1
