time_bkjd,pdcsap_flux,pdcsap_flux_err,sap_quality
131.51205677,95106.23437500,9.13840008,0
131.53249143,95133.20312500,9.14152527,0
131.55292600,95107.79687500,9.13377190,0
131.57336047,95115.41406250,9.13866329,0
131.59379503,95115.07031250,9.13500595,8192
131.61422970,95119.71093750,9.14178467,0
131.63466417,95125.82031250,9.13781166,0
131.65509873,95122.53125000,9.14112949,0
131.67553340,95122.85156250,9.14682674,0
131.69596797,95095.65625000,9.13595390,0
131.71640243,95088.66406250,9.13613224,8192
131.73683700,95118.46093750,9.14245129,0
131.75727167,95119.07031250,9.14183617,8192
131.77770613,95098.64843750,9.13659954,0
131.79814070,95111.78125000,9.13986492,0
131.81857537,95090.28125000,9.13497734,0
131.83900983,95114.01562500,9.13372803,0
131.85944440,95078.07031250,9.12925720,0
131.87987896,95105.10937500,9.13319016,0
131.90031353,95075.14062500,9.13169575,0
131.92074810,95107.32812500,9.13739491,0
131.94118266,95074.54687500,9.13621235,0
131.96161723,95099.68750000,9.13606071,0
131.98205179,95093.32812500,9.13931370,8192
132.00248636,95086.91406250,9.13495541,0
132.02292083,95083.99218750,9.14470577,0
132.04335549,95086.73437500,9.13899994,0
132.06379006,95074.25781250,9.13897228,0
132.08422452,95070.92187500,9.13994026,0
132.10465909,95090.84375000,9.13787842,0
132.12509376,95080.02343750,9.14098358,8192
132.14552822,95075.26562500,9.13312912,0
132.16596279,95076.71093750,9.13563538,0
132.18639745,95054.10156250,9.13417244,128
132.20683202,95056.05468750,9.13400364,0
132.22726648,95055.92187500,9.13386822,0
132.24770105,95080.58593750,9.13736534,0
132.26813571,95064.71093750,9.13832474,0
132.28857018,95071.31250000,9.13906765,0
132.30900475,95055.28125000,9.14217377,0
132.32943941,95061.33593750,9.14532566,0
132.34987388,95067.81250000,9.14196205,0
132.37030844,95058.57031250,9.13907909,0
132.39074301,95068.39843750,9.13954067,0
132.41117757,95059.80468750,9.13589478,0
132.43161214,95056.65625000,9.14095306,0
132.45204670,95051.82031250,9.13775349,0
132.47248137,95044.86718750,9.13714409,0
132.49291583,95052.25000000,9.13613796,0
132.51335040,95031.24218750,9.13566113,0
132.53378486,95049.10937500,9.13761234,0
132.55421953,95043.62500000,9.13785076,0
132.57465409,95036.39062500,9.14120579,0
132.59508856,95051.99218750,9.14040852,0
132.61552322,95038.73437500,9.14120483,8192
132.63595779,95022.42968750,9.14134216,0
132.65639235,95025.65625000,9.14251041,0
132.67682682,95039.11718750,9.14359570,0
132.69726148,95020.24218750,9.13694286,0
132.71769605,95007.71093750,9.13742924,0
132.73813051,95026.60937500,9.14033413,0
132.75856517,95035.40625000,9.13723183,0
132.77899974,95034.28125000,9.13819122,0
132.79943420,95013.53125000,9.13421535,0
132.81986877,95013.44531250,9.13233280,0
132.84030343,95024.92187500,9.13958263,0
132.86073790,95031.39843750,9.13632774,0
132.88117246,95021.09375000,9.13270569,0
132.90160712,95028.60156250,9.13632870,0
132.92204159,95005.77343750,9.13987923,8192
132.94247615,95011.44531250,9.13979912,0
132.96291072,95006.99218750,9.13837337,0
132.98334538,94996.41406250,9.13914204,0
133.00377984,95008.94531250,9.13634491,0
133.02421441,95004.49218750,9.14405155,0
133.04464897,94996.17187500,9.14194298,0
133.06508354,94997.37500000,9.14306545,0
133.08551810,94992.64062500,9.14514351,0
133.10595266,95007.84375000,9.14419365,0
133.12638723,94993.68750000,9.14773273,0
133.14682179,94993.23437500,9.14447784,0
133.16725636,94980.72656250,9.14634705,128
133.18769092,94995.96875000,9.14717102,0
133.20812558,94988.02343750,9.14530563,8192
133.22856005,94994.93750000,9.14898109,0
133.24899461,94990.40625000,9.14574814,0
133.26942917,94994.46875000,9.14617538,0
133.28986374,95003.03906250,9.14686966,0
133.31029830,94988.68750000,9.14601803,0
133.33073276,94989.84375000,9.14853573,0
133.35116743,94982.33593750,9.14673519,0
133.37160199,94984.13281250,9.14727211,0
133.39203655,94964.74218750,9.14498997,0
133.41247112,94967.21093750,9.14740658,8192
133.43290568,94996.37500000,9.14492130,0
133.45334024,94990.88281250,9.15047836,0
133.47377470,94973.13281250,9.14648151,128
133.49420937,94971.77343750,9.14478207,0
133.51464393,94965.08593750,9.14857388,0
133.53507839,94965.07812500,9.14691925,0
133.55551306,94978.63281250,9.14825916,0
133.57594762,94976.85156250,9.14765453,0
133.59638208,94975.91406250,9.14765453,0
133.61681664,94965.00781250,9.14738846,0
133.63725131,94969.71093750,9.14662457,0
133.65768587,94961.14843750,9.14984226,0
133.67812033,94980.30468750,9.14883614,0
133.69855499,94974.65625000,9.14451027,0
133.71898956,94953.53906250,9.15123177,0
133.73942402,94952.39062500,9.14953804,0
133.75985858,94958.20312500,9.14800072,0
133.78029324,94964.15625000,9.14853001,0
133.80072770,94961.10937500,9.14812279,0
133.82116227,94954.28125000,9.15017605,0
133.84159683,94949.67187500,9.14952660,0
133.86203139,94955.53906250,9.15240383,0
133.88246595,94941.42187500,9.15037632,0
133.90290051,94951.75781250,9.15169621,0
133.92333508,94932.25781250,9.15026474,0
133.94376964,94952.03125000,9.15055847,0
133.96420420,94949.33593750,9.15121937,8192
133.98463866,94918.09375000,9.14721394,0
134.00507332,94934.48437500,9.14672661,0
134.02550789,94931.15625000,9.14646912,0
134.04594235,94941.26562500,9.15016270,0
134.06637701,94943.98437500,9.15062809,0
134.08681157,94907.80468750,9.14934444,0
134.10724603,94908.21875000,9.14731216,0
134.12768059,94922.75781250,9.15169144,0
134.14811525,94939.97656250,9.14875984,0
134.16854982,94934.97656250,9.15173149,0
134.18898428,94935.86718750,9.15015697,0
134.20941894,94919.15625000,9.14997673,0
134.22985350,94912.69531250,9.15066624,0
134.25028796,94924.81250000,9.14942074,8192
134.27072252,94927.90625000,9.14548683,0
134.29115718,94918.67968750,9.15096855,8192
134.31159164,94924.12500000,9.15238953,0
134.33202620,94922.00781250,9.15194130,0
134.35246086,94899.57812500,9.15159225,0
134.37289533,94916.17968750,9.14574623,0
134.41376445,94909.60937500,9.15253735,0
134.43419901,94933.47656250,9.15568638,0
134.45463357,94946.37500000,9.15560913,128
134.47506813,94922.00781250,9.15398121,0
134.49550279,94921.60937500,9.15399075,0
134.51593725,94919.69531250,9.15394592,0
134.53637181,94928.21875000,9.15050793,0
134.55680627,94906.03125000,9.15156364,0
134.57724093,94924.25781250,9.15407467,0
134.59767549,94906.28125000,9.15141487,0
134.61810995,94923.93750000,9.15329742,0
134.63854451,94920.14062500,9.15334415,0
134.65897917,94891.07812500,9.15161514,0
134.67941373,94931.26562500,9.15187645,0
134.69984829,94914.30468750,9.15471172,0
134.72028285,94926.43750000,9.15200043,8192
134.74071741,94901.06250000,9.15366840,0
134.76115187,94920.48437500,9.15521049,0
134.78158643,94908.78906250,9.15562820,0
134.80202109,94911.39843750,9.15393925,0
134.82245565,94917.75000000,9.15331841,0
134.84289011,94920.23437500,9.15338898,0
134.86332477,94930.89062500,9.15295601,0
134.88375933,94914.22656250,9.15484905,0
134.90419389,94907.31250000,9.15621758,8192
134.92462835,94892.39843750,9.15399933,0
134.94506301,94886.27343750,9.15063763,0
134.96549757,94884.29687500,9.15071964,0
134.98593203,94881.79687500,9.14896965,0
135.00636668,94850.21875000,9.15101814,0
135.02680124,94855.30468750,9.14966488,0
135.04723570,94858.89062500,9.15140915,0
135.06767026,94895.35937500,9.15362740,0
135.08810492,94901.77343750,9.15305424,0
135.10853938,94895.60937500,9.15486431,0
135.12897394,94902.68750000,9.15546989,0
135.14940860,94898.78125000,9.15452957,0
135.16984316,94909.53906250,9.15544510,0
135.19027761,94905.03125000,9.15286255,0
135.21071217,94895.60937500,9.15443134,0
135.23114683,94912.05468750,9.15515518,0
135.25158129,94890.26562500,9.15395260,0
135.27201585,94894.56250000,9.15483952,0
135.29245031,94878.27343750,9.14823723,8192
135.31288496,94895.18750000,9.15169144,0
135.33331952,94867.18750000,9.15124893,0
135.35375398,94890.91406250,9.15456867,0
135.37418864,94866.24218750,9.14629555,0
135.39462320,94882.40625000,9.14834785,0
135.41505776,94877.51562500,9.14886951,0
135.43549221,94899.20312500,9.14719009,0
135.45592687,94891.49218750,9.14641094,0
135.47636143,94882.75000000,9.15321827,0
135.49679589,94901.89843750,9.15492249,0
135.51723055,94907.26562500,9.14858341,0
135.53766510,94891.34375000,9.14986515,0
135.55809956,94885.47656250,9.14564610,0
135.57853412,94910.07812500,9.15005970,0
135.59896878,94880.47656250,9.15106297,0
135.61940323,94897.34375000,9.15125847,0
135.63983779,94880.10156250,9.15001202,0
135.66027245,94871.12500000,9.15123081,0
135.68070701,94890.69531250,9.15396214,0
135.70114146,94874.57031250,9.15098000,0
135.72157602,94878.24218750,9.15092278,0
135.74201068,94883.79687500,9.14937401,0
135.76244513,94889.46875000,9.14694881,0
135.78287969,94859.08593750,9.14495564,0
135.80331435,94869.18750000,9.15129566,0
135.82374880,94883.23437500,9.15226460,0
135.84418336,94883.97656250,9.15187359,8192
135.86461792,94860.25000000,9.14920998,0
135.88505247,94868.20312500,9.14696789,0
135.90548703,94853.47656250,9.14908791,0
135.92592159,94870.46875000,9.15243244,0
135.94635604,94866.57031250,9.14753151,8192
135.96679070,94868.17187500,9.14594746,0
135.98722526,94870.56250000,9.15002823,0
136.00765971,94854.03906250,9.14395523,0
136.02809437,94871.14843750,9.14588261,0
136.04852893,94862.60937500,9.14810467,0
136.06896338,94851.61718750,9.14656925,0
136.08939794,94863.55468750,9.14606857,0
136.10983259,94879.97656250,9.14600086,0
136.13026715,94865.78906250,9.14977837,0
136.15070161,94865.62500000,9.15134144,8192
136.17113626,94848.97656250,9.14809990,0
136.19157082,94868.05468750,9.14823914,0
136.21200527,94863.00781250,9.14927387,0
136.23243983,94843.86718750,9.15063286,0
136.25287449,94851.93750000,9.14981079,0
136.27330894,94868.85937500,9.14458370,0
136.29374350,94856.73437500,9.14720440,0
136.31417815,94853.74218750,9.15060329,0
136.33461261,94848.03125000,9.14543915,0
136.35504716,94871.92187500,9.14719486,0
136.37548172,94851.25000000,9.14630985,0
136.39591627,94862.40625000,9.14964485,0
136.41635083,94869.38281250,9.14727211,0
136.43678538,94853.96875000,9.14894390,0
136.45722004,94828.07812500,9.14645290,0
136.47765449,94848.03125000,9.14081573,0
136.49808905,94845.72656250,9.14909172,0
136.51852360,94850.26562500,9.14650631,0
136.53895816,94855.57031250,9.14819336,0
136.55939271,94859.84375000,9.14561749,0
136.57982727,94849.02343750,9.14670086,0
136.60026182,94851.32031250,9.14587688,8192
136.62069638,94837.35937500,9.14162827,0
136.64113093,94861.42968750,9.14920712,0
136.66156549,94847.91406250,9.14616489,0
136.68200004,94837.00000000,9.14860821,0
136.70243459,94849.62500000,9.14504814,0
136.72286915,94823.24218750,9.14913845,0
136.74330360,94838.30468750,9.14298534,0
136.76373826,94846.09375000,9.15003395,8192
136.78417281,94815.77343750,9.14353371,0
136.80460726,94829.26562500,9.14538097,0
136.82504192,94810.20312500,9.14699554,0
136.84547647,94834.39062500,9.13985252,0
136.86591103,94817.47656250,9.14622021,0
136.88634548,94812.70312500,9.13957214,0
136.90678013,94827.73437500,9.14472294,0
136.92721469,94809.79687500,9.14855576,0
136.94764914,94804.46093750,9.14311695,0
136.96808379,94813.54687500,9.14637470,0
136.98851835,94821.00000000,9.14555264,0
137.00895280,94805.25000000,9.14416504,0
137.02938735,94805.10937500,9.14260674,0
137.04982201,94808.27343750,9.14235592,0
137.07025646,94808.12500000,9.14536667,0
137.09069101,94790.79687500,9.14294147,0
137.11112567,94787.10937500,9.14495564,0
137.13156012,94787.04687500,9.14606953,0
137.15199467,94767.68750000,9.14300919,0
137.17242923,94776.28906250,9.14109421,0
137.19286388,94764.78125000,9.13994408,0
137.21329833,94782.39843750,9.13812351,0
137.23373288,94777.34375000,9.14027500,0
137.25416734,94779.06250000,9.13445663,0
137.27460199,94767.88281250,9.14505291,0
137.29503654,94760.20312500,9.13963795,0
137.31547099,94765.50000000,9.13976574,0
137.33590565,94761.94531250,9.14127541,0
137.35634020,94747.01562500,9.14018631,0
137.39720920,94760.47656250,9.13542080,8192
137.41764385,94766.99218750,9.13947582,0
137.43807841,94747.64843750,9.14095211,0
137.45851286,94763.36718750,9.13221264,0
137.47894751,94752.40625000,9.14200115,0
137.49938206,94756.04687500,9.13657284,0
137.51981651,94729.74218750,9.14026546,8192
137.54025106,94754.10156250,9.14251137,0
137.56068572,94734.42968750,9.14444256,0
137.58112017,94733.28906250,9.14207172,8192
137.60155472,94750.59375000,9.14034271,0
137.62198937,94737.60156250,9.14265728,0
137.64242392,94736.43750000,9.14383793,0
137.66285837,94746.18750000,9.14343834,0
137.68329292,94726.55468750,9.14032269,0
137.70372757,94740.33593750,9.14351845,0
137.72416203,94741.96093750,9.14030457,0
137.74459658,94744.61718750,9.14363575,0
137.76503123,94722.62500000,9.14112949,0
137.78546568,94713.59375000,9.14547062,0
137.80590023,94710.16406250,9.14146614,0
137.82633468,94728.97656250,9.14151096,8192
137.84676933,94728.36718750,9.14443302,0
137.86720388,94714.88281250,9.14682198,0
137.88763843,94712.72656250,9.14508247,0
137.90807288,94729.33593750,9.14414692,8192
137.92850753,94712.30468750,9.14482117,0
137.94894208,94690.20312500,9.14233398,0
137.96937653,94706.96875000,9.14663601,0
137.98981118,94703.31250000,9.14025688,0
138.01024573,94714.95312500,9.14314651,0
138.03068018,94717.77343750,9.14676571,0
138.05111473,94676.60156250,9.14219189,128
138.07154938,94708.95312500,9.14226437,0
138.09198393,94682.64062500,9.13888073,0
138.11241838,94704.35937500,9.14385128,0
138.13285303,94690.85156250,9.14373589,0
138.15328758,94701.32812500,9.13759708,0
138.17372203,94710.24218750,9.14117622,0
138.19415658,94682.17187500,9.13943100,0
138.21459123,94688.47656250,9.13569546,0
138.23502578,94684.71093750,9.13892841,8192
138.25546023,94680.00781250,9.13837147,0
138.27589488,94667.39062500,9.13615513,0
138.29632943,94659.53906250,9.12879753,0
138.31676387,94667.71093750,9.13530254,0
138.33719842,94650.18750000,9.13655186,0
138.35763307,94641.32031250,9.13267326,0
138.37806762,94656.97656250,9.13563347,8192
138.39850207,94659.36718750,9.13568592,0
138.41893672,94633.69531250,9.13838005,0
138.43937127,94649.68750000,9.13613129,0
138.45980572,94660.96875000,9.14066887,0
138.48024026,94655.42187500,9.14122009,0
138.50067491,94642.54687500,9.13619709,0
138.52110936,94640.18750000,9.13903522,0
138.54154391,94648.68750000,9.14036751,0
138.56197846,94641.46093750,9.13557529,0
138.58241300,94642.75781250,9.13707542,0
138.60284755,94635.12500000,9.13417530,0
138.62328210,94618.12500000,9.13542366,0
138.64371665,94609.14843750,9.13252640,0
138.66415120,94645.66406250,9.13013363,0
138.68458574,94603.90625000,9.13735199,0
138.70502019,94607.34375000,9.13528919,128
138.72545484,94622.03906250,9.12882996,0
138.74588939,94623.20312500,9.12853527,0
138.76632383,94629.33593750,9.13323498,0
138.78675848,94602.57812500,9.13934803,0
138.80719303,94610.53125000,9.13528824,0
138.82762748,94623.74218750,9.13833046,0
138.84806202,94600.30468750,9.13625050,0
138.86849667,94596.81250000,9.13285351,0
138.88893122,94594.43750000,9.13326836,0
138.90936566,94606.68750000,9.13726902,0
138.92980031,94583.95312500,9.13059616,0
138.95023486,94609.17968750,9.13427830,0
138.97066930,94590.56250000,9.13355827,0
138.99110385,94562.73437500,9.12559223,0
139.01153850,94571.36718750,9.13107681,0
139.03197294,94575.25000000,9.12902260,0
139.05240749,94565.83593750,9.13127708,0
139.07284214,94564.98437500,9.13319492,0
139.09327658,94545.13281250,9.12809181,0
139.11371113,94565.63281250,9.13383579,0
139.13414567,94565.38281250,9.13432980,0
139.15458022,94562.22656250,9.13131523,0
139.17501477,94571.72656250,9.13062286,0
139.19544931,94559.00000000,9.13133049,0
139.21588376,94544.71875000,9.12917709,0
139.23631840,94532.92187500,9.13389874,0
139.25675295,94542.32812500,9.13532352,0
139.27718739,94664.65625000,9.14022636,2176
139.29762204,94553.19531250,9.13146973,0
139.31805658,94541.62500000,9.13290119,0
139.33849113,94532.39843750,9.13246250,0
139.35892558,94538.14062500,9.12950325,0
139.37936022,94566.29687500,9.13707066,128
139.39979477,94524.61718750,9.12996483,0
139.42022921,94521.28125000,9.13059235,0
139.44066386,94515.64843750,9.12775707,0
139.46109840,94526.80468750,9.12898636,0
139.48153285,94503.32031250,9.12707424,0
139.50196739,94517.32812500,9.12728691,8192
139.52240203,94517.85937500,9.13389778,0
139.54283648,94499.47656250,9.12751770,0
139.56327102,94496.23437500,9.12685585,0
139.58370567,94460.63281250,9.12059498,0
139.60414011,94459.42968750,9.11989117,0
139.62457466,94450.51562500,9.12385368,8192
139.64500920,94458.67968750,9.11625004,0
139.66544384,94483.65625000,9.11072540,0
139.68587829,94475.00000000,9.11215019,0
139.70631283,94478.12500000,9.11871719,0
139.72674738,94509.25000000,9.12042236,128
139.74718192,94496.49218750,9.12285137,0
139.76761646,94476.23437500,9.11733341,0
139.78805101,94470.41406250,9.11974907,0
139.80848555,94458.38281250,9.11452866,0
139.82892009,94453.00000000,9.11308575,0
139.84935464,94455.44531250,9.12210560,0
139.86978918,94444.60156250,9.11664200,0
139.89022372,94448.07031250,9.12662888,0
139.91065827,94461.32812500,9.12630367,0
139.93109281,94459.11718750,9.12551117,0
139.95152745,94461.88281250,9.12713718,0
139.97196190,94436.93750000,9.12518787,0
139.99239644,94459.68750000,9.12949181,0
140.01283088,94436.10156250,9.12294388,0
140.03326552,94437.93750000,9.12670135,0
140.05370007,94448.84375000,9.12855530,0
140.07413461,94436.26562500,9.12081337,0
140.09456915,94426.50000000,9.11841679,0
140.11500369,94433.39062500,9.12098503,0
140.13543824,94422.99218750,9.11680031,0
140.15587268,94429.00781250,9.12819576,0
140.17630732,94427.85937500,9.11283207,0
140.19674186,94419.67187500,9.12146759,0
140.21717630,94438.64843750,9.11989880,0
140.23761095,94412.35156250,9.12238598,0
140.25804549,94428.14062500,9.12340546,0
140.27847993,94404.71875000,9.12012196,0
140.29891447,94403.59375000,9.12057209,0
140.31934911,94420.83593750,9.11915398,0
140.33978355,94412.97656250,9.11488438,0
140.38065264,94410.93750000,9.12336159,0
140.40108728,94375.38281250,9.12532330,0
140.42152172,94398.75000000,9.11026764,0
140.44195626,94395.58593750,9.11536980,0
140.46239090,94402.45312500,9.10854912,0
140.48282534,94371.93750000,9.11249828,0
140.50325988,94374.96875000,9.11860085,0
140.52369432,94384.32812500,9.12148571,0
140.54412896,94384.40625000,9.11732960,0
140.56456350,94365.39062500,9.11500263,0
140.58499804,94353.01562500,9.11873531,0
140.60543258,94366.65625000,9.11604118,0
140.62586712,94365.77343750,9.10709095,0
140.64630166,94355.64062500,9.11365795,0
140.66673610,94363.72656250,9.11812210,8192
140.68717074,94368.13281250,9.11375141,0
140.70760528,94342.60156250,9.11926365,0
140.72803972,94335.05468750,9.11475468,0
140.74847436,94345.53125000,9.11725235,0
140.76890890,94335.33593750,9.11828995,0
140.78934334,94327.25000000,9.11745739,0
140.80977788,94323.67968750,9.11576557,0
140.83021252,94347.50781250,9.11445141,0
140.85064706,94334.48437500,9.11084652,0
140.87108150,94340.55468750,9.12050533,0
140.89151604,94314.05468750,9.12307262,0
140.91195068,94331.89062500,9.12368584,0
140.93238512,94322.11718750,9.12451553,0
140.95281966,94333.53906250,9.12422562,0
140.97325430,94317.03125000,9.12514114,0
140.99368873,94317.71093750,9.11957073,0
141.01412327,94325.26562500,9.12552166,0
141.03455781,94313.32031250,9.11670017,0
141.05499235,94295.64062500,9.11942482,0
141.07542689,94307.98437500,9.11979294,0
141.09586143,94304.44531250,9.12127018,0
141.11629597,94302.17968750,9.12496471,0
141.13673050,94307.98437500,9.12202263,0
141.15716504,94310.87500000,9.12347889,0
141.17759948,94293.92968750,9.11956120,0
141.19803412,94283.47656250,9.11983299,0
141.21846866,94278.81250000,9.11168480,0
141.23890309,94298.30468750,9.10788345,0
141.25933773,94285.41406250,9.10810184,0
141.27977227,94291.57812500,9.11903381,0
141.30020671,94294.52343750,9.11458015,0
141.32064124,94287.99218750,9.11477280,0
141.34107588,94272.57031250,9.11695004,0
141.36151042,94264.71093750,9.11246967,0
141.38194485,94272.75781250,9.11664486,0
141.40237939,94265.13281250,9.11575127,0
141.42281403,94255.02343750,9.11321354,0
141.44324857,94276.53906250,9.11029243,0
141.46368300,94258.10937500,9.11016178,0
141.48411764,94256.86718750,9.11587811,0
141.50455218,94257.74218750,9.11240292,0
141.52498661,94261.58593750,9.11497021,8192
141.54542115,94253.42968750,9.12190533,0
141.56585569,94250.64843750,9.11817932,0
141.58629032,94244.85937500,9.11204433,0
141.60672476,94249.57031250,9.11474705,0
141.62715939,94232.78906250,9.12001896,0
141.64759393,94243.41406250,9.11778641,0
141.66802837,94245.16406250,9.11985588,0
141.68846290,94234.46093750,9.11610317,0
141.70889754,94224.08593750,9.11818123,0
141.72933197,94240.74218750,9.12235641,0
141.74976651,94218.20312500,9.11425972,0
141.77020114,94202.15625000,9.11392021,0
141.79063558,94233.16406250,9.11910152,0
141.81107011,94224.85156250,9.11941242,0
141.83150465,94219.90625000,9.11740780,0
141.85193918,94218.74218750,9.12112522,0
141.87237372,94217.71093750,9.11351204,0
141.89280825,94205.05468750,9.11963367,0
141.91324289,94208.52343750,9.11642456,0
141.93367732,94215.00000000,9.12022972,0
141.95411186,94208.94531250,9.11884308,0
141.97454629,94213.78906250,9.10991383,0
141.99498093,94194.07812500,9.11565208,0
142.01541546,94195.89062500,9.11263847,8192
142.03584990,94204.89062500,9.11674404,0
142.05628443,94224.00000000,9.11200428,0
142.07671906,94205.42968750,9.11786556,0
142.09715360,94200.64062500,9.10797977,0
142.11758803,94192.65625000,9.11800671,0
142.13802267,94211.16406250,9.11533260,0
142.15845720,94188.79687500,9.10907745,0
142.17889163,94191.21093750,9.11079025,0
142.19932617,94205.42187500,9.11411572,0
142.21976080,94183.21093750,9.11107159,0
142.24019523,94205.27343750,9.11674309,8192
142.26062977,94196.72656250,9.11466503,0
142.28106440,94192.71093750,9.10746288,0
142.30149883,94192.96875000,9.10901260,0
142.32193337,94202.34375000,9.11114502,0
142.34236790,94183.00781250,9.10868549,0
142.36280253,94187.39062500,9.11230183,0
142.38323697,94185.32812500,9.10773945,128
142.40367150,94180.65625000,9.11414909,0
142.42410613,94180.93750000,9.10842133,0
142.44454056,94189.30468750,9.11254215,0
142.46497510,94185.02343750,9.11014175,0
142.48540953,94170.61718750,9.10756207,0
142.50584416,94183.81250000,9.11087036,0
142.52627869,94187.62500000,9.11470890,0
142.54671322,94190.82031250,9.11593628,0
142.56714766,94198.14062500,9.11357594,0
142.58758229,94171.79687500,9.11513329,0
142.60801682,94188.13281250,9.10943413,0
142.62845125,94198.48437500,9.11439896,0
142.64888588,94166.59375000,9.11384773,0
142.66932041,94179.82031250,9.11653614,0
142.68975485,94179.64843750,9.11387730,0
142.71018938,94184.14062500,9.11549854,0
142.73062401,94190.58593750,9.11606789,0
142.75105844,94190.32812500,9.11592388,0
142.77149297,94187.58593750,9.11739731,128
142.79192760,94192.29687500,9.11184311,0
142.81236203,94170.82812500,9.11454678,0
142.83279656,94166.10156250,9.11707020,0
142.85323109,94166.96875000,9.11646175,0
142.87366572,94166.98437500,9.11422253,0
142.89410015,94175.93750000,9.12175465,0
142.91453468,94182.64062500,9.11434746,0
142.93496932,94157.34375000,9.11420441,8192
142.95540375,94181.46093750,9.11633492,0
142.97583828,94174.26562500,9.11744976,0
142.99627271,94166.03906250,9.11137009,0
143.01670734,94173.96875000,9.11588478,0
143.03714187,94166.05468750,9.11852837,0
143.05757639,94178.54687500,9.11807823,0
143.07801092,94173.70312500,9.11050892,0
143.09844545,94163.03125000,9.11847115,8192
143.11887998,94166.61718750,9.11918926,0
143.13931451,94166.51562500,9.11299706,0
143.15974904,94173.40625000,9.11721802,0
143.18018357,94187.40625000,9.12002563,0
143.20061800,94186.19531250,9.11791420,0
143.22105253,94169.34375000,9.11561394,0
143.24148716,94153.71093750,9.11542511,0
143.26192169,94163.18750000,9.11374092,0
143.28235621,94167.75000000,9.11609650,0
143.30279074,94164.46875000,9.11756229,0
143.32322527,94159.23437500,9.11609650,0
143.36409423,94178.46093750,9.11802006,0
143.38452886,94171.26562500,9.11567783,0
143.40496338,94186.06250000,9.11946106,0
143.42539781,94187.99218750,9.11916733,8192
143.44583244,94168.13281250,9.11728764,0
143.46626697,94167.64843750,9.11578941,0
143.48670140,94193.15625000,9.11873531,0
143.50713592,94179.25781250,9.11264706,0
143.52757055,94175.71093750,9.12070465,0
143.54800508,94170.05468750,9.11561680,0
143.56843951,94185.17187500,9.12067604,0
143.58887413,94173.36718750,9.11450958,0
143.60930866,94172.02343750,9.11759186,0
143.62974309,94194.93750000,9.11755753,8192
143.65017761,94165.86718750,9.11774254,0
143.67061224,94184.99218750,9.11709785,0
143.69104667,94187.84375000,9.11668110,0
143.71148119,94195.95312500,9.11900139,0
143.73191572,94182.92968750,9.11468315,0
143.75235025,94188.84375000,9.11781120,0
143.77278477,94180.10156250,9.11942577,0
143.79321930,94204.32031250,9.11467552,0
143.81365382,94199.56250000,9.11834240,0
143.83408835,94180.78906250,9.11690807,0
143.85452288,94184.98437500,9.11771679,0
143.87495730,94190.45312500,9.11783409,0
143.89539193,94200.22656250,9.11628819,0
143.91582645,94164.04687500,9.11907387,0
143.93626088,94191.66406250,9.11933708,0
143.95669550,94198.10156250,9.12097740,0
143.97713003,94203.76562500,9.12306023,0
143.99756446,94196.19531250,9.11585712,8192
144.01799898,94214.63281250,9.11934185,0
144.03843361,94197.00781250,9.11807060,0
144.05886813,94187.52343750,9.11646843,0
144.07930256,94198.78906250,9.12028408,128
144.09973718,94197.17187500,9.11823177,0
144.12017170,94202.96093750,9.12061024,0
144.14060613,94214.34375000,9.11722279,0
144.16104065,94218.79687500,9.12022209,0
144.18147528,94185.01562500,9.12175751,0
144.20190970,94181.31250000,9.11251640,0
144.22234423,94187.73437500,9.11951923,0
144.24277885,94167.70312500,9.11697960,0
144.26321327,94206.94531250,9.11990929,0
144.28364780,94233.06250000,9.12177277,0
144.30408232,94231.92187500,9.12107563,0
144.32451684,94221.32812500,9.12322998,0
144.34495137,94237.43750000,9.12471390,0
144.36538589,94242.89062500,9.11829948,0
144.38582032,94245.28906250,9.11675739,0
144.40625494,94247.43750000,9.11792755,0
144.42668946,94255.05468750,9.11806583,0
144.44712388,94247.26562500,9.12101460,0
144.46755851,94272.56250000,9.12666035,0
144.48799303,94247.29687500,9.12094688,0
144.50842745,94248.26562500,9.12004471,0
144.52886198,94243.28125000,9.11931705,0
144.54929660,94255.00000000,9.11692333,0
144.56973112,94244.94531250,9.11370182,0
144.59016554,94256.38281250,9.11699867,0
144.61060016,94268.11718750,9.12076759,0
144.63103469,94261.32031250,9.12147617,0
144.65146911,94275.10156250,9.12114429,0
144.67190363,94279.84375000,9.12421608,0
144.69233825,94294.60156250,9.12361145,0
144.71277267,94286.97656250,9.12773991,0
144.73320720,94305.89843750,9.12111664,0
144.75364182,94301.15625000,9.12664413,0
144.77407624,94283.03125000,9.12328053,0
144.79451076,94291.92187500,9.12304497,0
144.81494528,94291.96875000,9.12424088,0
144.83537990,94282.07031250,9.12022400,8192
144.85581432,94300.50781250,9.12445545,0
144.87624884,94298.59375000,9.12306404,0
144.89668336,94302.86718750,9.12712765,0
144.91711788,94300.78125000,9.12615585,0
144.93755241,94292.35156250,9.12298012,0
144.95798693,94281.32031250,9.11637974,0
144.97842155,94305.31250000,9.11407566,0
144.99885597,94305.04687500,9.11901283,0
145.01929049,94300.49218750,9.11750221,0
145.03972501,94312.14843750,9.11798382,8192
145.06015953,94310.32031250,9.11826801,128
145.08059405,94330.46875000,9.11921120,0
145.10102857,94308.34375000,9.11992645,0
145.12146319,94322.99218750,9.12313461,0
145.14189760,94324.44531250,9.12455654,0
145.16233212,94349.30468750,9.13240433,0
145.18276654,94337.35156250,9.12111282,0
145.20320116,94328.79687500,9.12063026,0
145.22363568,94335.87500000,9.11552143,0
145.24407010,94328.27343750,9.11726665,0
145.26450472,94335.53906250,9.11738682,0
145.28493924,94350.40625000,9.11915398,0
145.30537376,94331.75781250,9.11653996,0
145.32580817,94332.07812500,9.12083912,0
145.34624279,94352.46093750,9.11947918,0
145.36667731,94343.64062500,9.11474991,0
145.38711173,94353.96093750,9.11505604,0
145.40754635,94339.42968750,9.12071133,8192
145.42798087,94346.87500000,9.12466049,0
145.44841528,94346.65625000,9.12129211,0
145.46884980,94350.75781250,9.12039852,0
145.48928442,94378.19531250,9.12384129,0
145.50971884,94361.34375000,9.11939716,0
145.53015335,94357.51562500,9.12014771,0
145.55058787,94367.05468750,9.11924648,0
145.57102249,94370.58593750,9.11708832,0
145.59145691,94368.73437500,9.11553669,0
145.61189142,94375.15625000,9.12579727,0
145.63232604,94387.16406250,9.11495018,0
145.65276046,94357.26562500,9.11091518,0
145.67319497,94390.76562500,9.11977959,0
145.69362939,94384.32812500,9.12121773,0
145.71406401,94378.95312500,9.12059975,0
145.73449852,94404.72656250,9.12320232,0
145.75493304,94402.37500000,9.12610912,0
145.77536756,94395.41406250,9.12792301,0
145.79580207,94393.23437500,9.12594509,0
145.81623659,94404.42968750,9.12662029,0
145.83667100,94402.07031250,9.12316799,0
145.85710562,94411.50000000,9.12556648,0
145.87754013,94398.56250000,9.12383080,0
145.89797455,94405.71875000,9.12912560,8192
145.91840917,94437.13281250,9.12805748,0
145.93884368,94437.59375000,9.12865067,0
145.95927810,94403.01562500,9.12412834,0
145.97971261,94436.38281250,9.12071228,0
146.00014723,94423.12500000,9.12993050,0
146.02058174,94418.48437500,9.12456989,0
146.04101616,94437.32031250,9.13102722,0
146.06145077,94442.92187500,9.13056374,0
146.08188528,94421.39843750,9.12525558,0
146.10231970,94439.39843750,9.13098431,0
146.12275421,94465.15625000,9.12785530,0
146.14318883,94470.28906250,9.12704468,0
146.16362324,94470.25000000,9.12801456,0
146.18405776,94469.02343750,9.12670898,0
146.20449227,94465.85937500,9.12974739,0
146.22492678,94473.44531250,9.12697124,0
146.24536130,94478.69531250,9.12580585,0
146.26579581,94480.28125000,9.13125515,0
146.28623032,94472.98437500,9.12925053,8192
146.30666484,94488.17968750,9.13081551,0
146.34753376,94495.16406250,9.13339329,0
146.36796838,94485.41406250,9.12528324,0
146.38840289,94495.73437500,9.12922382,0
146.40883730,94510.31250000,9.12734222,0
146.42927191,94517.46875000,9.13114071,0
146.44970643,94511.47656250,9.13525772,0
146.47014084,94503.00781250,9.13010788,0
146.49057545,94502.01562500,9.13340569,0
146.51100996,94511.13281250,9.13187027,0
146.53144448,94524.01562500,9.12491417,0
146.55187889,94530.75781250,9.13032150,0
146.57231350,94523.34375000,9.13187218,0
146.59274801,94530.00781250,9.13001537,0
146.61318252,94522.74218750,9.12821484,0
146.63361693,94537.40625000,9.13203144,0
146.65405155,94534.28125000,9.13055325,0
146.67448606,94545.30468750,9.13253880,0
146.69492047,94538.67187500,9.12521076,0
146.71535508,94542.76562500,9.13172626,0
146.73578959,94561.31250000,9.13507175,0
146.75622410,94559.99218750,9.13209629,0
146.77665851,94557.85156250,9.12836838,0
146.79709312,94552.13281250,9.13367653,8192
146.81752763,94549.57031250,9.12418365,0
146.83796204,94570.59375000,9.12791252,0
146.85839655,94577.89062500,9.13280678,0
146.87883116,94592.28125000,9.12955475,0
146.89926557,94576.00781250,9.13283062,0
146.91970008,94595.71875000,9.13079453,8192
146.94013469,94596.21093750,9.13359356,0
146.96056910,94597.49218750,9.12923908,0
146.98100361,94607.41406250,9.12609959,0
147.00143812,94604.56250000,9.12474823,0
147.02187263,94614.18750000,9.13206577,0
147.04230714,94610.97656250,9.13407612,0
147.06274165,94621.45312500,9.13086224,0
147.08317626,94606.62500000,9.12721348,0
147.10361067,94622.25781250,9.13337994,0
147.12404518,94627.63281250,9.12644863,0
147.14447959,94639.42968750,9.12916279,0
147.16491419,94646.53125000,9.13079071,0
147.18534870,94624.68750000,9.12948895,0
147.20578311,94616.04687500,9.12787819,0
147.22621772,94634.64062500,9.13488197,0
147.24665223,94683.82031250,9.13375378,128
147.26708674,94654.40625000,9.13338375,0
147.28752114,94645.52343750,9.12084103,0
147.30795575,94668.78906250,9.13090324,0
147.32839026,94661.36718750,9.12375450,0
147.34882467,94656.64062500,9.13430405,0
147.36925917,94650.41406250,9.13075733,0
147.38969378,94648.89843750,9.13038731,0
147.41012819,94660.25000000,9.13343525,0
147.43056270,94673.72656250,9.12437916,0
147.45099730,94678.57031250,9.12487793,0
147.47143171,94673.96093750,9.12321377,0
147.49186622,94709.92968750,9.12621689,128
147.51230072,94687.16406250,9.12333679,0
147.53273533,94673.43750000,9.12913227,0
147.55316974,94702.11718750,9.12572479,0
147.57360424,94707.00000000,9.12820625,0
147.59403885,94685.27343750,9.12169933,0
147.61447325,94685.06250000,9.13053703,0
147.63490776,94708.51562500,9.13158989,0
147.65534217,94699.25000000,9.13818550,0
147.67577677,94726.16406250,9.12994671,0
147.69621128,94719.57031250,9.13149929,0
147.71664568,94728.06250000,9.13167000,0
147.73708029,94739.78906250,9.13474941,0
147.75751479,94731.11718750,9.13816738,0
147.77794930,94725.44531250,9.12585735,8192
147.79838370,94749.80468750,9.12864399,0
147.81881831,94746.07812500,9.12356758,0
147.83925281,94749.55468750,9.12883759,0
147.85968722,94735.32812500,9.13115025,8192
147.88012172,94758.32031250,9.13061237,0
147.92099073,94767.08593750,9.13521099,0
147.94142523,94770.43750000,9.12756157,0
147.96185984,94775.41406250,9.12771416,0
147.98229424,94779.21875000,9.12680626,0
148.00272875,94776.28906250,9.12667942,0
148.02316325,94778.06250000,9.13034916,0
148.04359785,94791.01562500,9.13305473,0
148.06403226,94763.23437500,9.13304996,0
148.08446676,94778.25781250,9.12621021,0
148.10490136,94792.50000000,9.12649918,8192
148.12533577,94806.64062500,9.13491631,0
148.14577027,94802.94531250,9.12091351,0
148.16620477,94811.32031250,9.13113689,0
148.18663927,94823.42187500,9.13428879,0
148.20707378,94815.08593750,9.13639355,0
148.22750828,94817.22656250,9.13501549,0
148.24794288,94804.68750000,9.13512516,0
148.26837728,94834.81250000,9.13218880,8192
148.28881179,94821.56250000,9.13360691,0
148.30924629,94841.17187500,9.14117241,0
148.32968079,94830.17187500,9.14039993,0
148.35011529,94832.96093750,9.13049126,0
148.37054979,94846.05468750,9.13734150,0
148.39098419,94857.36718750,9.13893032,0
148.41141880,94849.65625000,9.13752079,0
148.43185330,94846.66406250,9.13837814,0
148.45228780,94870.32031250,9.14398098,0
148.47272230,94844.88281250,9.14149761,0
148.49315680,94858.45312500,9.14474392,0
148.51359130,94876.71875000,9.14356327,0
148.53402570,94877.66406250,9.14499283,0
148.55446030,94870.93750000,9.14287186,0
148.57489480,94870.00781250,9.14148331,0
148.59532920,94867.26562500,9.14426327,0
148.61576380,94879.67968750,9.14420700,0
148.63619830,94896.42187500,9.14097977,0
148.65663270,94890.66406250,9.14310646,0
148.67706720,94896.49218750,9.14678288,0
148.69750180,94877.51562500,9.13781929,0
148.71793620,94904.83593750,9.14395523,0
148.73837070,94893.53125000,9.14224052,0
148.75880530,94923.72656250,9.14143848,0
148.77923980,94898.25000000,9.14439964,0
148.79967420,94881.95312500,9.14619255,0
148.82010870,94888.24218750,9.14421558,0
148.84054330,94893.00000000,9.14340210,0
148.86097770,94888.03906250,9.14418221,0
148.88141219,94930.09375000,9.15000725,0
148.90184679,94938.08593750,9.14496708,0
148.92228119,94928.70312500,9.14432049,0
148.94271569,94941.35156250,9.14938068,0
148.96315019,94929.27343750,9.14941216,0
148.98358468,94943.14843750,9.14831543,0
149.00401918,94965.81250000,9.14663982,0
149.02445368,94948.00781250,9.14709091,0
149.04488808,94945.81250000,9.14444160,0
149.06532268,94988.64843750,9.14199543,0
149.08575717,94969.87500000,9.14138412,0
149.10619157,94973.59375000,9.14686680,0
149.12662617,94986.17968750,9.14797211,8192
149.14706066,94973.05468750,9.14827061,0
149.16749506,94977.63281250,9.14391613,0
149.18792956,94994.03125000,9.14397907,0
149.20836415,94988.07031250,9.14940643,0
149.22879865,94985.64062500,9.14241219,0
149.24923305,95023.31250000,9.15138817,128
149.26966764,95008.60156250,9.15011787,0
149.29010214,94981.76562500,9.15184879,0
149.33097103,94991.61718750,9.14789200,0
149.35140563,95001.32031250,9.15220451,0
149.37184002,95003.08593750,9.15095615,0
149.39227452,95023.08593750,9.14770126,0
149.41270911,95012.86718750,9.14779282,0
149.43314351,95010.28906250,9.14740086,0
149.45357800,95029.42187500,9.15088940,0
149.47401250,95018.22656250,9.15000820,0
149.49444699,95019.52343750,9.14576435,0
149.51488149,95025.52343750,9.14652061,0
149.53531598,95003.68750000,9.14752960,0
149.55575058,95015.50781250,9.14904785,0
149.57618497,95024.77343750,9.15093422,0
149.59661947,95012.89062500,9.14452934,0
149.61705386,95026.28906250,9.14880753,0
149.63748845,95058.47656250,9.15115929,128
149.65792295,95062.03125000,9.14827633,128
149.67835734,95041.28906250,9.14920044,0
149.69879183,95052.87500000,9.15172863,0
149.71922643,95061.53125000,9.15010166,0
149.73966092,95063.07812500,9.14771175,0
149.76009531,95054.76562500,9.14671326,0
149.78052991,95070.08593750,9.14736080,0
149.80096440,95071.69531250,9.14663601,0
149.82139879,95059.64062500,9.14544964,8192
149.84183329,95061.61718750,9.15069294,8192
149.86226788,95091.24218750,9.14732838,128
149.88270237,95071.17968750,9.15036869,0
149.90313676,95099.32812500,9.14811134,0
149.92357135,95101.78125000,9.14792061,0
149.94400585,95092.83593750,9.14653587,0
149.96444034,95100.99218750,9.14690590,8192
149.98487473,95088.48437500,9.14362240,0
150.00530932,95091.17968750,9.14019585,0
150.02574381,95074.97656250,9.14982700,0
150.04617820,95094.60937500,9.14939308,0
150.06661280,95098.94531250,9.14851761,0
150.08704729,95112.06250000,9.15047646,0
150.10748168,95111.35937500,9.14768600,0
150.12791617,95121.08593750,9.15006733,0
150.14835076,95119.23437500,9.15214634,0
150.16878515,95114.76562500,9.14884853,0
150.18921964,95132.39062500,9.14462090,0
150.20965423,95120.14062500,9.14789295,0
150.23008862,95127.28906250,9.14616013,0
150.25052311,95123.32031250,9.15138149,0
150.27095760,95132.56250000,9.14906120,0
150.29139219,95158.00000000,9.15001106,0
150.31182658,95152.73437500,9.15007210,0
150.33226107,95161.27343750,9.14879131,0
150.35269546,95149.58593750,9.14785290,0
150.37313005,95136.60937500,9.15085506,0
150.39356454,95161.47656250,9.14386940,128
150.41399893,95169.90625000,9.14862823,0
150.43443352,95157.92968750,9.14806843,0
150.45486801,95161.48437500,9.14843845,8192
150.47530249,95169.64843750,9.15447044,0
150.49573688,95178.89062500,9.15129185,0
150.51617147,95179.71093750,9.15061474,0
150.53660596,95171.53125000,9.14638615,0
150.55704035,95167.14843750,9.15361309,0
150.57747494,95181.74218750,9.15104675,0
150.59790942,95174.38281250,9.15155220,0
150.61834381,95182.75781250,9.15364456,0
150.63877830,95174.00781250,9.15485764,0
150.65921289,95178.68750000,9.15268040,0
150.67964727,95166.23437500,9.15399456,0
150.70008176,95178.69531250,9.15149975,0
150.72051635,95187.00000000,9.15502548,0
150.74095083,95191.76562500,9.15446758,0
150.76138522,95169.83593750,9.15034199,0
150.78181971,95201.19531250,9.15238953,0
150.80225429,95204.70312500,9.15142155,0
150.82268868,95187.63281250,9.15018940,0
150.84312317,95181.09375000,9.15547276,0
150.86355775,95194.60156250,9.15302944,0
150.88399214,95185.93750000,9.15500164,0
150.90442663,95200.36718750,9.15466690,0
150.92486111,95190.71093750,9.15424919,0
150.94529560,95214.23437500,9.15747929,0
150.96573008,95215.01562500,9.15404034,0
150.98616457,95203.52343750,9.15514278,0
151.00659895,95207.27343750,9.14818573,0
151.02703354,95212.95312500,9.15168190,0
151.04746802,95230.94531250,9.15686607,0
151.06790241,95229.34375000,9.15219784,0
151.08833699,95213.82031250,9.15447617,0
151.10877148,95245.36718750,9.15153980,0
151.12920586,95226.66406250,9.15472412,0
151.14964035,95233.75000000,9.15405464,0
151.17007493,95239.85156250,9.15662193,0
151.19050931,95229.31250000,9.15502739,0
151.21094380,95323.99218750,9.16478729,2176
151.23137838,95218.64843750,9.15142822,0
151.25181287,95233.32031250,9.15521431,0
151.27224725,95237.28906250,9.15637302,8192
151.29268173,95245.92187500,9.14980412,0
151.31311632,95247.83593750,9.15066051,0
151.33355070,95234.90625000,9.15817738,0
151.35398518,95269.84375000,9.14885902,0
151.37441976,95259.03906250,9.15347576,0
151.39485415,95243.50000000,9.15185356,0
151.41528863,95256.07031250,9.15595150,0
151.43572311,95253.49218750,9.14840031,0
151.45615759,95247.00000000,9.14834213,0
151.47659208,95254.63281250,9.14612389,8192
151.49702656,95260.31250000,9.15384579,0
151.51746104,95269.25781250,9.15321159,0
151.53789552,95238.90625000,9.15012455,0
151.55833000,95252.24218750,9.14786911,0
151.57876449,95277.66406250,9.15376377,0
151.59919907,95280.39062500,9.14864349,0
151.61963345,95279.10937500,9.15707779,0
151.64006793,95269.56250000,9.14797306,0
151.68093689,95280.01562500,9.14775372,0
151.70137137,95288.70312500,9.15420151,0
151.72180585,95291.10937500,9.15975666,0
151.74224033,95274.96093750,9.15997982,0
151.76267481,95300.45312500,9.15275002,0
151.78310929,95275.99218750,9.15457821,0
151.80354367,95274.92187500,9.15506363,0
151.82397825,95269.85937500,9.15805912,0
151.84441273,95287.53125000,9.15519428,0
151.86484711,95283.78906250,9.15424919,0
151.88528169,95285.52343750,9.15754795,0
151.90571617,95297.63281250,9.15337849,0
151.92615055,95269.35156250,9.15721607,0
151.94658503,95271.58593750,9.15384293,0
151.96701961,95284.70312500,9.15610123,0
151.98745409,95289.27343750,9.15589809,0
152.00788846,95305.05468750,9.14980984,0
152.02832304,95310.09375000,9.15385151,0
152.04875752,95293.28906250,9.15224743,0
152.06919190,95291.85156250,9.15665245,0
152.08962638,95309.38281250,9.15540123,0
152.11006096,95313.93750000,9.15887928,128
152.13049533,95303.21093750,9.15929699,0
152.15092981,95302.83593750,9.15678310,0
152.17136429,95293.47656250,9.15621281,0
152.19179877,95296.50781250,9.15883636,0
152.21223324,95299.37500000,9.15675545,0
152.23266772,95308.38281250,9.15318871,0
152.25310230,95298.69531250,9.16134739,0
152.27353667,95294.46093750,9.15624046,0
152.31440553,95318.47656250,9.15998936,0
152.33484010,95312.78906250,9.16096306,0
152.35527458,95321.71093750,9.15640640,128
152.37570896,95314.33593750,9.15525246,0
152.39614353,95316.15625000,9.14852428,0
152.41657801,95295.09375000,9.15305042,0
152.43701248,95313.46093750,9.15339184,0
152.45744686,95340.81250000,9.15885067,0
152.47788143,95325.19531250,9.15287018,0
152.49831591,95319.28906250,9.15214825,0
152.51875028,95323.74218750,9.14855099,128
152.53918486,95333.46875000,9.15317059,0
152.55961933,95327.53906250,9.15489578,0
152.58005371,95318.57812500,9.15808773,0
152.60048818,95321.64843750,9.15467548,0
152.62092276,95326.18750000,9.15523529,0
152.64135713,95325.03906250,9.14862156,0
152.68222608,95320.32812500,9.15864182,0
152.70266055,95322.88281250,9.15291214,0
152.72309503,95347.50781250,9.15757561,16
152.74352950,95328.14843750,9.15651512,16
152.76396407,95343.71875000,9.14652348,16
152.78439845,95330.12500000,9.14169598,16
152.80483292,95334.64062500,9.14521694,16
152.82526729,95332.36718750,9.14570236,16
152.84570187,95330.16406250,9.15628719,16
152.86613634,95333.94531250,9.15658092,0
152.88657071,95341.54687500,9.14871502,0
152.90700528,95335.16406250,9.15347672,0
152.92743976,95328.03906250,9.15326500,16
152.94787423,95329.96093750,9.15028381,16
152.96830860,95337.59375000,9.15999317,8208
152.98874317,95343.44531250,9.15618515,16
153.00917764,95339.14843750,9.15183163,16
153.02961202,95349.59375000,9.15091705,144
153.05004659,95336.71093750,9.15231228,16
153.07048106,95337.66406250,9.15069485,16
153.09091543,95341.94531250,9.16520786,16
153.11134990,95344.78125000,9.15731239,16
153.13178447,95340.04687500,9.16373348,0
153.15221884,95344.64843750,9.15548992,0
153.17265331,95351.74218750,9.15355301,0
153.19308778,95366.23437500,9.15826702,0
153.21352235,95339.50781250,9.15866280,0
153.23395682,95356.56250000,9.16162872,0
153.25439119,95352.10937500,9.16236401,0
153.27482576,95375.43750000,9.15497398,0
153.29526023,95363.74218750,9.16032028,0
153.31569460,95355.22656250,9.15767765,0
153.33612907,95364.97656250,9.16253757,0
153.35656354,95355.80468750,9.16106987,0
153.37699801,95354.54687500,9.16028118,128
153.39743248,95304.20312500,9.15910435,0
153.41786705,95332.52343750,9.15595627,0
153.43830152,95313.09375000,9.15306091,0
153.45873589,95319.13281250,9.15323544,0
153.47917036,95367.04687500,9.16437626,0
153.49960492,95362.14843750,9.16545486,0
153.52003929,95357.65625000,9.15854359,0
153.54047376,95344.66406250,9.16168880,0
153.56090833,95356.63281250,9.16170216,0
153.58134269,95353.78906250,9.16039276,0
153.60177716,95355.60156250,9.16217709,0
153.62221163,95433.31250000,9.16398525,128
153.64264610,95354.88281250,9.16383457,0
153.66308056,95361.03906250,9.16044617,0
153.68351503,95360.03906250,9.16135216,0
153.70394940,95386.34375000,9.16056633,0
153.72438396,95366.96875000,9.16293240,0
153.74481843,95345.07812500,9.16193008,0
153.76525280,95388.82812500,9.16296005,0
153.78568736,95359.87500000,9.16345501,0
153.80612183,95364.54687500,9.16255665,0
153.82655620,95381.60156250,9.16394234,0
153.84699066,95344.06250000,9.16226196,128
153.86742523,95375.53906250,9.16147137,0
153.88785959,95355.82031250,9.16188526,0
153.90829406,95365.85156250,9.15831566,0
153.92872862,95379.34375000,9.15998077,0
153.94916309,95392.66406250,9.16247272,0
153.96959745,95360.63281250,9.15921593,0
153.99003192,95360.21875000,9.16435146,0
154.01046648,95378.39062500,9.16625690,0
154.03090085,95366.16406250,9.16596413,0
154.05133531,95363.60156250,9.16049862,0
154.07176988,95380.21875000,9.16196442,0
154.09220424,95385.57812500,9.16282177,0
154.11263870,95355.78125000,9.15855408,0
154.13307317,95370.20312500,9.16158295,0
154.15350763,95376.76562500,9.15511322,0
154.17394210,95369.68750000,9.16054726,8192
154.19437656,95379.22656250,9.16140461,0
154.21481102,95389.29687500,9.15631485,8192
154.23524548,95375.69531250,9.15645695,0
154.25567995,95387.76562500,9.16014290,0
154.27611431,95378.65625000,9.16445637,0
154.29654887,95369.05468750,9.16007614,0
154.31698334,95367.39843750,9.15882683,0
154.33741770,95380.10937500,9.16042519,0
154.35785216,95382.50781250,9.16002560,0
154.37828672,95369.25781250,9.15522766,0
154.39872108,95374.37500000,9.15716267,0
154.41915554,95355.30468750,9.15138626,0
154.43959011,95377.71875000,9.15661716,0
154.46002457,95370.25000000,9.15992069,0
154.48045893,95348.70312500,9.15744781,8192
154.50089339,95361.92187500,9.15368366,0
154.52132795,95375.32812500,9.15715313,0
154.54176231,95362.52343750,9.15671825,0
154.56219677,95375.46875000,9.15149117,0
154.58263133,95359.12500000,9.15350819,0
154.60306569,95389.26562500,9.15690327,0
154.62350015,95375.81250000,9.15195751,0
154.64393461,95388.60156250,9.15796089,0
154.66436907,95346.53125000,9.14963341,0
154.68480353,95364.57031250,9.15752506,0
154.70523799,95362.26562500,9.15287113,0
154.72567255,95386.06250000,9.14920998,0
154.74610691,95372.95312500,9.15199661,0
154.76654137,95365.28906250,9.15376854,0
154.78697583,95385.21875000,9.15529823,0
154.80741029,95357.45312500,9.15195847,0
154.82784475,95367.59375000,9.14426708,0
154.84827911,95383.58593750,9.14225197,0
154.86871366,95366.35156250,9.14307880,0
154.88914812,95363.39843750,9.13878345,0
154.90958258,95357.26562500,9.13652515,0
154.93001704,95370.51562500,9.14135075,0
154.95045150,95368.53906250,9.14530945,0
154.97088595,95362.91406250,9.13697147,0
154.99132041,95361.84375000,9.13367367,0
155.01175477,95379.30468750,9.13468838,0
155.03218933,95352.07031250,9.15170479,0
155.05262378,95366.53906250,9.14813137,0
155.07305814,95376.07812500,9.15052032,128
155.09349270,95357.10156250,9.14438057,128
155.11392715,95359.53125000,9.13530445,0
155.13436151,95379.03906250,9.15013599,0
155.15479597,95341.14062500,9.14899540,0
155.17523052,95348.60156250,9.14905643,128
155.19566498,95370.42968750,9.14884377,0
155.21609933,95319.75781250,9.14489365,128
155.23653379,95362.75000000,9.14799309,0
155.25696834,95362.38281250,9.15065193,0
155.29783716,95357.52343750,9.14918900,0
155.31827171,95343.11718750,9.14805222,0
155.33870606,95361.78125000,9.14195156,0
155.35914052,95374.55468750,9.14682770,0
155.37957497,95377.43750000,9.14787197,0
155.40000943,95365.01562500,9.15309429,0
155.42044388,95359.39062500,9.15587234,0
155.44087834,95364.35156250,9.15094185,0
155.46131289,95359.28906250,9.14970016,0
155.48174724,95363.39843750,9.14921284,0
155.50218170,95366.15625000,9.15397358,0
155.52261605,95350.40625000,9.15534496,0
155.54305061,95348.91406250,9.15533733,0
155.58391941,95373.48437500,9.15129089,0
155.60435396,95374.03906250,9.15336609,0
155.62478842,95361.72656250,9.15669537,0
155.64522287,95353.09375000,9.16138649,0
155.66565722,95360.70312500,9.15722752,0
155.68609177,95356.64843750,9.15513897,0
155.70652623,95365.87500000,9.15345860,8192
155.72696058,95362.92187500,9.15123081,0
155.74739503,95373.31250000,9.15604115,0
155.76782958,95365.50781250,9.15429115,0
155.78826393,95355.95312500,9.15629578,0
155.80869838,95358.12500000,9.15490532,0
155.82913294,95353.02343750,9.15449333,0
155.84956729,95352.53125000,9.15631771,0
155.87000174,95356.75000000,9.15698051,0
155.89043619,95363.47656250,9.15779114,0
155.91087074,95378.50000000,9.15238857,0
155.93130509,95361.31250000,9.15188885,0
155.95173954,95356.01562500,9.15580845,128
155.97217409,95382.02343750,9.15610027,0
155.99260844,95361.67187500,9.15576935,0
156.01304289,95373.53125000,9.15083790,0
156.03347724,95352.23437500,9.15834904,0
156.05391179,95382.17187500,9.15898800,0
156.07434624,95356.07031250,9.15385628,0
156.09478069,95370.02343750,9.15910149,0
156.11521514,95355.46093750,9.15635586,0
156.13564959,95360.09375000,9.15599823,0
156.15608403,95344.32031250,9.15806389,0
156.17651838,95351.31250000,9.15961266,0
156.19695293,95373.28906250,9.15672874,0
156.21738738,95361.51562500,9.15957260,0
156.23782173,95363.82812500,9.16325569,0
156.25825618,95346.33593750,9.16403580,0
156.27869072,95376.35937500,9.16092014,0
156.29912507,95357.19531250,9.16048336,0
156.31955952,95352.19531250,9.16466713,0
156.33999407,95350.18750000,9.16282272,0
156.36042841,95346.63281250,9.15427017,0
156.38086286,95350.53125000,9.15732479,0
156.40129731,95366.34375000,9.16339111,0
156.42173185,95346.25781250,9.15557480,0
156.44216620,95398.04687500,9.16467190,0
156.46260065,95355.48437500,9.16141510,8192
156.48303519,95341.03906250,9.16096497,0
156.50346954,95364.84375000,9.16065025,0
156.52390398,95344.42968750,9.16199970,0
156.54433843,95352.50000000,9.16207695,0
156.56477287,95333.07031250,9.16203690,0
156.58520732,95360.26562500,9.16212082,0
156.60564177,95360.46093750,9.16150188,0
156.62607621,95366.99218750,9.15623856,0
156.64651066,95351.51562500,9.15134621,0
156.66694510,95337.17187500,9.15532780,0
156.68737954,95352.52343750,9.15674305,0
156.70781399,95341.77343750,9.16142750,0
156.72824843,95366.60937500,9.16054344,8192
156.74868288,95334.17187500,9.16024208,0
156.76911722,95359.70312500,9.16120625,0
156.78955177,95335.96875000,9.16201305,0
156.80998621,95344.11718750,9.15671635,0
156.83042065,95362.44531250,9.15907764,0
156.85085510,95330.31250000,9.15727329,0
156.87128954,95353.39843750,9.16284847,0
156.89172398,95349.00781250,9.16424942,0
156.91215832,95349.74218750,9.16066647,0
156.93259287,95329.33593750,9.15889835,0
156.95302731,95335.64843750,9.15900707,8192
156.97346165,95350.07031250,9.16324425,0
156.99389619,95360.78125000,9.16125965,8192
157.01433064,95342.25000000,9.16331768,0
157.03476498,95361.35937500,9.16165161,0
157.05519942,95329.71875000,9.16017723,128
157.07563396,95337.11718750,9.16467381,0
157.09606830,95360.30468750,9.16482449,0
157.11650274,95348.53125000,9.16057014,0
157.13693729,95350.03125000,9.15808201,0
157.15737173,95340.21875000,9.15976334,0
157.17780607,95346.43750000,9.16036892,0
157.19824051,95344.15625000,9.15801334,0
157.21867505,95341.47656250,9.15991879,0
157.23910939,95358.64062500,9.16048622,0
157.25954383,95353.70312500,9.15698433,128
157.27997827,95345.79687500,9.16095161,0
157.30041271,95336.19531250,9.15997696,0
157.32084715,95332.48437500,9.15548611,0
157.34128159,95326.70312500,9.15987873,0
157.36171603,95348.14062500,9.15693092,0
157.38215047,95334.75781250,9.15743446,0
157.40258490,95329.52343750,9.15774727,8192
157.42301924,95338.64062500,9.16040421,0
157.44345378,95341.37500000,9.15523338,0
157.46388822,95339.55468750,9.16254711,0
157.48432256,95337.89843750,9.15889168,0
157.50475710,95343.17968750,9.15961552,0
157.52519153,95326.89843750,9.15491867,0
157.54562587,95334.42968750,9.16172123,0
157.56606031,95317.24218750,9.15839195,0
157.58649485,95341.11718750,9.15910816,0
157.60692919,95333.23437500,9.15707302,0
157.62736362,95344.19531250,9.16019058,8192
157.64779816,95339.62500000,9.16186810,0
157.66823260,95330.78125000,9.15993309,0
157.68866693,95336.67968750,9.15854740,0
157.70910137,95316.11718750,9.15954781,0
157.72953591,95325.39062500,9.15864658,0
157.74997024,95314.87500000,9.16022682,0
157.77040468,95307.63281250,9.15897655,0
157.79083921,95331.64843750,9.15746307,8192
157.81127355,95328.20312500,9.16130447,0
157.83170799,95315.27343750,9.16126156,0
157.85214242,95325.93750000,9.15953732,0
157.87257686,95318.96875000,9.15986919,0
157.89301129,95301.58593750,9.15810871,0
157.91344573,95316.20312500,9.15837765,8192
157.93388006,95312.21875000,9.16000366,0
157.95431460,95318.41406250,9.15525723,0
157.97474903,95309.38281250,9.15736961,0
157.99518336,95278.97656250,9.15699100,0
158.01561790,95267.46875000,9.15626812,0
158.03605233,95273.57812500,9.15741158,0
158.05648667,95264.85156250,9.15640450,0
158.07692110,95301.32812500,9.15801811,0
158.09735563,95310.00000000,9.15798092,0
158.11779007,95297.78906250,9.16326809,0
158.13822440,95300.03906250,9.16069984,0
158.15865893,95295.21875000,9.15708160,0
158.17909336,95305.42968750,9.16155910,0
158.19952770,95299.01562500,9.15209007,0
158.21996213,95329.14062500,9.15547657,128
158.24039666,95310.86718750,9.14781761,0
158.28126543,95284.55468750,9.15348911,0
158.30169996,95307.42187500,9.15303612,0
158.32213439,95300.92968750,9.15595722,0
158.34256872,95296.42968750,9.15439892,0
158.36300315,95295.22656250,9.15402317,0
158.38343768,95286.61718750,9.15142822,0
158.40387211,95287.53125000,9.15702915,0
158.42430644,95285.50781250,9.15573692,0
158.44474087,95301.96093750,9.15827179,0
158.46517541,95286.66406250,9.15900612,0
158.48560974,95288.73437500,9.16304398,0
158.50604417,95285.53125000,9.15661430,8192
158.52647870,95263.92187500,9.15378189,0
158.54691303,95275.60937500,9.15720558,8192
158.56734745,95274.96875000,9.15242004,0
158.58778188,95266.31250000,9.15510368,8192
158.60821631,95264.29687500,9.15619659,0
158.62865074,95272.88281250,9.14735126,0
158.64908517,95267.46093750,9.15028191,0
158.66951970,95270.46875000,9.15944862,0
158.68995403,95275.67968750,9.15472889,0
158.71038846,95250.39843750,9.15490437,0
158.73082279,95239.66406250,9.15262222,0
158.75125731,95265.53125000,9.15660572,0
158.77169174,95253.46875000,9.15244579,0
158.79212617,95255.02343750,9.15563774,0
158.81256060,95250.90625000,9.15224743,0
158.83299502,95229.96093750,9.15659618,0
158.85342945,95262.02343750,9.15508556,0
158.87386378,95251.82812500,9.15384102,0
158.89429831,95251.22656250,9.15116215,0
158.91473273,95266.39843750,9.15009880,0
158.93516706,95238.08593750,9.15483665,0
158.95560158,95233.89062500,9.15357876,0
158.97603601,95249.38281250,9.15407753,0
158.99647034,95231.89062500,9.14963913,0
159.01690476,95242.15625000,9.15896416,0
159.03733929,95259.45312500,9.14771938,0
159.05777361,95243.35156250,9.15055084,0
159.07820804,95245.10156250,9.15287590,0
159.09864246,95248.03906250,9.15841198,8192
159.11907699,95244.46093750,9.15325356,0
159.13951131,95246.53906250,9.14695263,0
159.15994574,95228.48437500,9.15874100,0
159.18038026,95246.92968750,9.14959049,0
159.20081459,95226.55468750,9.15357208,8192
159.22124901,95259.71093750,9.15502739,0
159.24168334,95244.72656250,9.15364361,0
159.26211786,95234.72656250,9.15102768,0
159.28255228,95237.36718750,9.15684891,0
159.30298671,95249.30468750,9.14876080,0
159.32342113,95234.24218750,9.14333153,0
159.34385555,95250.05468750,9.15272522,128
159.36428998,95255.19531250,9.15453434,0
159.38472430,95231.93750000,9.15097046,0
159.40515882,95231.19531250,9.14701176,0
159.42559325,95237.03906250,9.15457344,0
159.44602757,95239.89062500,9.15057278,0
159.46646209,95232.30468750,9.15030003,0
159.48689651,95229.87500000,9.15046692,0
159.50733083,95230.72656250,9.14400578,8192
159.52776525,95227.00781250,9.14816952,0
159.54819978,95231.04687500,9.14678001,0
159.56863410,95234.50000000,9.15275002,0
159.58906852,95233.82812500,9.14174461,0
159.60950294,95243.96875000,9.15021229,0
159.62993746,95230.47656250,9.14742184,0
159.65037178,95235.94531250,9.14673996,0
159.67080620,95233.49218750,9.14225578,0
159.69124072,95237.52343750,9.14695358,0
159.71167504,95238.00781250,9.14898300,0
159.73210946,95236.00000000,9.14925003,0
159.75254388,95229.31250000,9.14658070,8192
159.77297830,95227.24218750,9.14420414,0
159.79341272,95240.56250000,9.14661217,0
159.81384714,95246.21093750,9.14599705,0
159.83428156,95220.37500000,9.14528656,0
159.85471598,95240.14843750,9.14463615,0
159.87515040,95247.11718750,9.14692593,0
159.89558471,95224.57812500,9.14002609,0
159.91601923,95218.53906250,9.14067173,0
159.93645365,95240.32031250,9.14737606,0
159.95688807,95226.93750000,9.14398479,0
159.97732249,95237.35156250,9.14968681,0
159.99775690,95235.64843750,9.14441013,0
160.01819132,95228.60937500,9.15111923,0
160.03862574,95236.20312500,9.14525604,0
160.05906016,95227.44531250,9.14263630,0
160.07949457,95248.35156250,9.14532185,0
160.09992899,95233.48437500,9.14329147,0
160.12036331,95231.35156250,9.15435791,0
160.14079782,95212.68750000,9.14295673,0
160.16123224,95233.21093750,9.14885235,0
160.18166656,95221.93750000,9.14808273,0
160.20210107,95216.41406250,9.14181900,0
160.22253549,95212.67187500,9.14691067,0
160.24296980,95223.48437500,9.14725304,0
160.26340422,95220.00000000,9.14614773,0
160.28383873,95217.09375000,9.14284420,0
160.30427305,95207.67187500,9.14725399,0
160.32470746,95204.85937500,9.13981915,0
160.34514198,95217.19531250,9.14715195,0
160.36557639,95219.29687500,9.13818073,0
160.38601071,95214.32031250,9.14681053,0
160.40644512,95202.82031250,9.14630985,0
160.42687963,95211.50781250,9.14720154,0
160.44731395,95209.96875000,9.14881516,0
160.46774836,95215.03906250,9.14233971,0
160.48818288,95205.26562500,9.14646149,0
160.50861719,95194.41406250,9.14343929,0
160.52905160,95209.84375000,9.14570904,0
160.54948602,95193.68750000,9.13695717,8192
160.56992043,95209.53906250,9.15164089,0
160.59035484,95198.62500000,9.14802647,8192
160.61078925,95215.41406250,9.14228058,128
160.63122357,95186.57812500,9.14553261,0
160.65165808,95234.24218750,9.13878727,0
160.67209249,95196.79687500,9.13817787,0
160.69252680,95211.22656250,9.14018726,0
160.71296131,95200.63281250,9.15101147,0
160.73339572,95199.14843750,9.13249874,0
160.75383003,95207.23437500,9.13934898,0
160.77426445,95206.51562500,9.14212608,0
160.79469896,95204.81250000,9.14908504,0
160.81513337,95198.46093750,9.14533234,0
160.83556768,95192.39843750,9.14767456,0
160.85600219,95205.75781250,9.14772701,0
160.87643660,95203.72656250,9.14600277,0
160.89687091,95192.07031250,9.15121174,0
160.91730532,95218.85937500,9.15157318,0
160.93773983,95213.67968750,9.15307903,0
160.95817414,95199.28125000,9.15056419,0
160.97860855,95185.35156250,9.14457893,0
160.99904306,95206.15625000,9.15168571,0
161.01947736,95199.60937500,9.14637852,0
161.03991177,95224.85937500,9.14410496,0
161.06034618,95210.49218750,9.13852215,0
161.08078059,95217.45312500,9.14482212,0
161.10121500,95201.70312500,9.14516354,0
161.12164941,95212.93750000,9.14752483,0
161.14208391,95210.24218750,9.14410782,0
161.16251822,95218.11718750,9.14831543,0
161.18295263,95189.63281250,9.14309883,0
161.20338694,95197.57812500,9.13987350,0
161.22382144,95204.90625000,9.15043163,0
161.26469026,95209.63281250,9.14454746,0
161.28512456,95196.68750000,9.14711475,0
161.30555907,95192.96093750,9.14912224,0
161.32599348,95208.75781250,9.14929295,0
161.34642778,95188.35156250,9.14136887,0
161.36686229,95203.89843750,9.14881992,8192
161.38729669,95206.33593750,9.14282513,0
161.40773100,95203.94531250,9.14462280,0
161.42816540,95206.97656250,9.14192581,0
161.44859991,95193.54687500,9.14691448,0
161.46903421,95204.66406250,9.14164734,0
161.48946862,95194.59375000,9.14270401,0
161.50990312,95198.30468750,9.14910793,0
161.53033743,95199.11718750,9.14925861,0
161.55077183,95214.32812500,9.15316296,0
161.57120624,95191.46875000,9.15035343,0
161.59164074,95218.72656250,9.14515972,0
161.61207504,95205.47656250,9.14323807,0
161.63250945,95195.85156250,9.14734745,16
161.65294395,95195.12500000,9.15452480,16
161.67337835,95210.86718750,9.14810276,16
161.69381266,95231.92968750,9.14844036,16
161.71424706,95213.22656250,9.14764404,16
161.73468156,95203.93750000,9.14806175,16
161.75511586,95213.30468750,9.14766312,16
161.77555027,95204.24218750,9.14911556,16
161.79598467,95216.25000000,9.14562416,16
161.81641907,95241.95312500,9.15091896,16
161.83685347,95213.63281250,9.15051174,16
161.85728787,95215.92187500,9.15232754,16
161.87772237,95180.02343750,9.15436363,16
161.89815668,95171.34375000,9.15124130,144
161.91859108,95220.50781250,9.15251350,16
161.93902538,95222.81250000,9.15392876,0
161.95945988,95222.53906250,9.15413284,0
161.97989428,95223.89843750,9.15538979,0
162.00032868,95220.16406250,9.15254784,0
162.02076308,95225.40625000,9.15435600,0
162.04119748,95226.97656250,9.15434551,0
162.06163188,95227.95312500,9.15561008,0
162.08206618,95216.34375000,9.15018463,0
162.10250068,95230.00781250,9.15392685,0
162.12293508,95214.14062500,9.15074348,0
162.14336938,95223.03906250,9.15261555,0
162.16380387,95227.35156250,9.15336609,0
162.18423827,95228.29687500,9.15549183,0
162.20467257,95224.23437500,9.15237045,0
162.22510697,95235.64062500,9.15307522,0
162.24554147,95232.78906250,9.15361404,0
162.26597577,95232.85937500,9.15222740,128
162.28641016,95228.96875000,9.15281010,0
162.30684466,95217.77343750,9.14999580,0
162.32727906,95235.10937500,9.14955521,0
162.34771335,95208.21875000,9.15285969,0
162.36814775,95245.41406250,9.15521908,128
162.38858225,95219.88281250,9.15150166,0
162.40901655,95222.99218750,9.15127373,0
162.42945094,95226.54687500,9.15053177,0
162.44988524,95250.12500000,9.14990616,0
162.47031973,95234.03906250,9.15295982,0
162.49075413,95232.30468750,9.14796448,0
162.51118793,95227.73437500,9.15028763,0
162.53162242,95234.39843750,9.14789009,0
162.55205672,95247.00000000,9.14754581,0
162.57249111,95224.32031250,9.14311409,0
162.59292551,95202.23437500,9.14992809,0
162.61336000,95190.50781250,9.14793777,0
162.63379430,95189.72656250,9.15181541,16
162.65422869,95181.19531250,9.14943314,16
162.67466318,95201.53906250,9.14563560,16
162.69509748,95223.67187500,9.15249252,16
162.71553187,95233.45312500,9.14620686,16
162.73596627,95214.92187500,9.15432930,16
162.75640066,95215.64062500,9.15053368,16
162.77683505,95221.69531250,9.15211868,16
162.79726944,95218.33593750,9.14939022,16
162.81770384,95224.11718750,9.14941502,16
162.83813823,95227.37500000,9.15173244,16
162.85857262,95225.99218750,9.14948940,16
162.87900692,95219.95312500,9.14986897,16
162.89944141,95220.15625000,9.14683533,16
162.91987580,95228.48437500,9.15046024,16
162.94031009,95222.64843750,9.14684296,16
162.96074448,95225.37500000,9.14795589,16
162.98117897,95240.06250000,9.15172386,16
163.00161327,95236.84375000,9.14915180,16
163.02204766,95247.98437500,9.15059090,16
163.04248215,95243.54687500,9.14472485,16
163.06291654,95246.66406250,9.14765167,16
163.08335083,95249.85937500,9.14901447,16
163.10378522,95243.24218750,9.14647961,16
163.12421971,95244.24218750,9.15079403,16
163.14465400,95223.17968750,9.14670563,16
163.16508839,95238.78125000,9.15140438,16
163.18552288,95247.32031250,9.14854050,16
163.20595717,95220.57031250,9.14948082,16
163.22639156,95228.59375000,9.14651775,16
163.24682595,95250.46093750,9.14655495,16
163.26726033,95239.13281250,9.14043522,16
163.28769472,95233.21875000,9.14181328,16
163.30812911,95238.82812500,9.14714622,16
163.32856360,95236.21875000,9.14306068,16
163.34899789,95264.82031250,9.14558697,16
163.36943228,95239.79687500,9.14945221,16
163.38986656,95243.13281250,9.14666462,16
163.41030105,95251.60156250,9.14696884,16
163.43073544,95235.21093750,9.13758564,16
163.45116972,95251.41406250,9.13835716,16
163.47160421,95247.59375000,9.13457203,16
163.49203860,95233.86718750,9.14126301,16
163.51247298,95241.35937500,9.13982391,16
163.53290727,95235.96875000,9.14249706,8208
163.55334176,95257.08593750,9.14742279,16
163.57377614,95263.76562500,9.14027596,144
163.59421043,95238.00781250,9.14169884,144
163.61464481,95240.78125000,9.14361763,16
163.63507930,95241.20312500,9.14301300,16
163.65551359,95233.21093750,9.14046478,16
163.67594797,95242.67968750,9.13830662,16
163.69638246,95239.12500000,9.14280033,16
163.71681674,95237.15625000,9.13255024,16
163.73725112,95197.93750000,9.13673115,144
163.75768551,95230.94531250,9.13809299,8208
163.77811989,95243.21875000,9.14332771,16
163.79855428,95250.20312500,9.14101410,16
163.81898866,95250.39062500,9.12957191,16
163.83942314,95246.39843750,9.14527035,16
163.85985743,95257.82812500,9.13523006,16
163.88029181,95237.79687500,9.13552856,16
163.90072609,95254.82031250,9.13542461,16
163.92116058,95254.53906250,9.13809586,16
163.94159496,95249.03125000,9.13884163,16
163.96202934,95237.71093750,9.12833691,16
163.98246372,95250.08593750,9.13508224,16
164.00289810,95249.67187500,9.12661648,16
164.02333249,95252.71875000,9.13943768,16
164.04376677,95265.61718750,9.13206100,16
164.06420125,95257.10156250,9.13330364,16
164.08463563,95256.00781250,9.12916374,16
164.10507001,95276.38281250,9.13057709,16
164.12550429,95250.69531250,9.13301754,16
164.14593877,95258.05468750,9.12059593,16
164.16637305,95252.18750000,9.12639332,16
164.18680743,95263.23437500,9.12530327,16
164.20724191,95268.10937500,9.12155342,16
164.24811057,95257.71875000,9.10926723,0
164.26854495,95258.96875000,9.12165642,0
164.28897933,95254.33593750,9.11556816,0
164.30941371,95267.09375000,9.12278557,8192
164.32984809,95270.64843750,9.12062073,0
164.35028257,95275.87500000,9.11684132,0
164.37071695,95264.47656250,9.12574768,0
164.39115123,95276.94531250,9.11771965,0
164.41158560,95287.21093750,9.12845612,0
164.43201998,95279.91406250,9.11811161,0
164.45245436,95262.82031250,9.12163639,0
164.47288874,95271.13281250,9.11995506,8192
164.49332322,95271.44531250,9.11716747,0
164.51375749,95264.59375000,9.12276745,0
164.53419187,95263.16406250,9.11914635,0
164.55462625,95256.60156250,9.12280083,0
164.57506062,95273.65625000,9.12788773,0
164.59549500,95271.93750000,9.12212849,0
164.61592938,95281.70312500,9.12528419,0
164.63636365,95279.53906250,9.11167431,0
164.65679813,95293.48437500,9.11970615,0
164.67723250,95277.02343750,9.11831570,0
164.69766688,95266.85937500,9.11636829,0
164.71810125,95282.13281250,9.12371922,0
164.73853563,95277.94531250,9.10370445,0
164.75897000,95304.89843750,9.11853027,0
164.77940428,95272.08593750,9.11395073,0
164.79983875,95289.69531250,9.12232590,0
164.82027313,95295.52343750,9.11698437,0
164.84070740,95282.20312500,9.11848259,0
164.86114188,95300.85937500,9.11687088,0
164.88157625,95292.49218750,9.10368061,0
164.90201052,95275.01562500,9.10708904,0
164.92244490,95293.89062500,9.08595562,0
164.94287937,95292.00000000,9.09265423,0
164.96331364,95277.50000000,9.09159565,0
164.98374801,95285.30468750,9.10942554,0
